version,term_localName
http://rs.tdwg.org/ac3dmodality/values/version/m-2026-08-18,m
http://rs.tdwg.org/ac3dmodality/values/version/m0001-2026-08-18,m0001
http://rs.tdwg.org/ac3dmodality/values/version/m0002-2026-08-18,m0002
http://rs.tdwg.org/ac3dmodality/values/version/m0003-2026-08-18,m0003
http://rs.tdwg.org/ac3dmodality/values/version/m0007-2026-08-18,m0007
http://rs.tdwg.org/ac3dmodality/values/version/m0008-2026-08-18,m0008
http://rs.tdwg.org/ac3dmodality/values/version/m0009-2026-08-18,m0009
http://rs.tdwg.org/ac3dmodality/values/version/m0010-2026-08-18,m0010
http://rs.tdwg.org/ac3dmodality/values/version/m0011-2026-08-18,m0011
http://rs.tdwg.org/ac3dmodality/values/version/m0012-2026-08-18,m0012
http://rs.tdwg.org/ac3dmodality/values/version/m0014-2026-08-18,m0014
http://rs.tdwg.org/ac3dmodality/values/version/m0015-2026-08-18,m0015
http://rs.tdwg.org/ac3dmodality/values/version/m0016-2026-08-18,m0016
http://rs.tdwg.org/ac3dmodality/values/version/m0017-2026-08-18,m0017
http://rs.tdwg.org/ac3dmodality/values/version/m0018-2026-08-18,m0018
