term_localName,label,rdfs_comment,dcterms_description,examples,rdf_type,tdwgutility_abcdEquivalence,tdwgutility_organizedInClass,tdwgutility_decision,tdwgutility_usageScope
0001107,sample name,"A local identifier or name that for the material sample used for extracting nucleic acids, and subsequent sequencing. It can refer either to the original material collected or to any derived sub-samples. It can have any format, but we suggest that you make it concise, unique and consistent within your lab, and as informative as possible. INSDC requires every sample name from a single Submitter to be unique. Use of a globally unique identifier for the field source_mat_id is recommended in addition to sample_name","Sample Name is a name that you choose for the sample. It can have any format, but we suggest that you make it concise, unique and consistent within your lab, and as informative as possible. Every Sample Name from a single Submitter must be unique.",,http://www.w3.org/1999/02/22-rdf-syntax-ns#Property,not in ABCD,,,extension
0000092,project name,Name of the project within which the sequencing was organized,,`Forest soil metagenome`,http://www.w3.org/1999/02/22-rdf-syntax-ns#Property,not in ABCD,,,extension
0000008,experimental factor,"Variable aspects of an experiment design that can be used to describe an experiment, or set of experiments, in an increasingly detailed manner. This field accepts ontology terms from Experimental Factor Ontology (EFO) and/or Ontology for Biomedical Investigations (OBI)","Experimental factors are essentially the variable aspects of an experiment design which can be used to describe an experiment, or set of experiments, in an increasingly detailed manner. This field accepts ontology terms from Experimental Factor Ontology (EFO) and/or Ontology for Biomedical Investigations (OBI). For a browser of EFO (v 2.95) terms, please see http://purl.bioontology.org/ontology/EFO; for a browser of OBI (v 2018-02-12) terms please see http://purl.bioontology.org/ontology/OBI",`time series design [EFO:EFO_0001779]`,http://www.w3.org/1999/02/22-rdf-syntax-ns#Property,not in ABCD,,,extension
0001320,taxonomy ID of DNA sample,"NCBI taxon id of the sample.  Maybe be a single taxon or mixed taxa sample. Use 'synthetic metagenome  for mock community/positive controls, or 'blank sample' for negative controls","NCBI taxon id of the sample. Maybe be a single taxon or mixed taxa sample. Use ""synthetic metagenome"" for mock community/positive controls, or ""blank sample"" for negative controls",`Gut Metagenome [NCBITaxon:749906]`,http://www.w3.org/1999/02/22-rdf-syntax-ns#Property,not in ABCD,,,extension
0001321,negative control type,The substance or equipment used as a negative control in an investigation,,,http://www.w3.org/1999/02/22-rdf-syntax-ns#Property,not in ABCD,,,extension
0001322,positive control type,"The substance, mixture, product, or apparatus used to verify that a process which is part of an investigation delivers a true positive",,,http://www.w3.org/1999/02/22-rdf-syntax-ns#Property,not in ABCD,,,extension
0000012,broad-scale environmental context,"Report the major environmental system the sample or specimen came from. The system(s) identified should have a coarse spatial grain, to provide the general environmental context of where the sampling was done (e.g. in the desert or a rainforest). We recommend using subclasses of EnvO s biome class:  http://purl.obolibrary.org/obo/ENVO_00000428. EnvO documentation about how to use the field: https://github.com/EnvironmentOntology/envo/wiki/Using-ENVO-with-MIxS","In this field, report which major environmental system your sample or specimen came from. The systems identified should have a coarse spatial grain, to provide the general environmental context of where the sampling was done (e.g. were you in the desert or a rainforest?). We recommend using subclasses of ENVO’s biome class: http://purl.obolibrary.org/obo/ENVO_00000428. Format (one term): termLabel [termID], Format (multiple terms): termLabel [termID]|termLabel [termID]|termLabel [termID]. Example: Annotating a water sample from the photic zone in middle of the Atlantic Ocean, consider: oceanic epipelagic zone biome [ENVO:01000033]. Example: Annotating a sample from the Amazon rainforest consider: tropical moist broadleaf forest biome [ENVO:01000228]. If needed, request new terms on the ENVO tracker, identified here: http://www.obofoundry.org/ontology/envo.html",`forest biome [ENVO:01000174]`,http://www.w3.org/1999/02/22-rdf-syntax-ns#Property,not in ABCD,,,extension
0000013,local environmental context,"Report the entity or entities which are in the sample or specimen s local vicinity and which you believe have significant causal influences on your sample or specimen. We recommend using EnvO terms which are of smaller spatial grain than your entry for env_broad_scale. Terms, such as anatomical sites, from other OBO Library ontologies which interoperate with EnvO (e.g. UBERON) are accepted in this field. EnvO documentation about how to use the field: https://github.com/EnvironmentOntology/envo/wiki/Using-ENVO-with-MIxS","In this field, report the entity or entities which are in your sample or specimen’s local vicinity and which you believe have significant causal influences on your sample or specimen. Please use terms that are present in ENVO and which are of smaller spatial grain than your entry for env_broad_scale. Format (one term): termLabel [termID]; Format (multiple terms): termLabel [termID]|termLabel [termID]|termLabel [termID]. Example: Annotating a pooled sample taken from various vegetation layers in a forest consider: canopy [ENVO:00000047]|herb and fern layer [ENVO:01000337]|litter layer [ENVO:01000338]|understory [01000335]|shrub layer [ENVO:01000336]. If needed, request new terms on the ENVO tracker, identified here: http://www.obofoundry.org/ontology/envo.html",`litter layer [ENVO:01000338]`,http://www.w3.org/1999/02/22-rdf-syntax-ns#Property,not in ABCD,,,extension
0000014,environmental medium,"Report the environmental material(s) immediately surrounding the sample or specimen at the time of sampling. We recommend using subclasses of 'environmental material' (http://purl.obolibrary.org/obo/ENVO_00010483). EnvO documentation about how to use the field: https://github.com/EnvironmentOntology/envo/wiki/Using-ENVO-with-MIxS . Terms from other OBO ontologies are permissible as long as they reference mass/volume nouns (e.g. air, water, blood) and not discrete, countable entities (e.g. a tree, a leaf, a table top)","In this field, report which environmental material or materials (pipe separated) immediately surrounded your sample or specimen prior to sampling, using one or more subclasses of ENVO’s environmental material class: http://purl.obolibrary.org/obo/ENVO_00010483. Format (one term): termLabel [termID]; Format (multiple terms): termLabel [termID]|termLabel [termID]|termLabel [termID]. Example: Annotating a fish swimming in the upper 100 m of the Atlantic Ocean, consider: ocean water [ENVO:00002151]. Example: Annotating a duck on a pond consider: pond water [ENVO:00002228]|air ENVO_00002005. If needed, request new terms on the ENVO tracker, identified here: http://www.obofoundry.org/ontology/envo.html",`soil [ENVO:00001998]`,http://www.w3.org/1999/02/22-rdf-syntax-ns#Property,not in ABCD,,,extension
0000020,subspecific genetic lineage,"Information about the genetic distinctness of the sequenced organism below the subspecies level, e.g., serovar, serotype, biotype, ecotype, or any relevant genetic typing schemes like Group I plasmid. Subspecies should not be recorded in this term, but in the NCBI taxonomy. Supply both the lineage name and the lineage rank separated by a colon, e.g., biovar:abc123","This should provide further information about the genetic distinctness of the sequenced organism by recording additional information e.g. serovar, serotype, biotype, ecotype, or any relevant genetic typing schemes like Group I plasmid. It can also contain alternative taxonomic information. It should contain both the lineage name, and the lineage rank, i.e. biovar:abc123",`serovar:Newport`,http://www.w3.org/1999/02/22-rdf-syntax-ns#Property,not in ABCD,,,extension
0000021,ploidy,"The ploidy level of the genome (e.g. allopolyploid, haploid, diploid, triploid, tetraploid). It has implications for the downstream study of duplicated gene and regions of the genomes (and perhaps for difficulties in assembly). For terms, please select terms listed under class ploidy (PATO:001374) of Phenotypic Quality Ontology (PATO), and for a browser of PATO (v 2018-03-27) please refer to http://purl.bioontology.org/ontology/PATO",,`allopolyploidy [PATO:0001379]`,http://www.w3.org/1999/02/22-rdf-syntax-ns#Property,not in ABCD,,,extension
0000022,number of replicons,"Reports the number of replicons in a nuclear genome of eukaryotes, in the genome of a bacterium or archaea or the number of segments in a segmented virus. Always applied to the haploid chromosome count of a eukaryote",,`2`,http://www.w3.org/1999/02/22-rdf-syntax-ns#Property,not in ABCD,,,extension
0000023,extrachromosomal elements,Do plasmids exist of significant phenotypic consequence (e.g. ones that determine virulence or antibiotic resistance). Megaplasmids? Other plasmids (borrelia has 15+ plasmids),,`5`,http://www.w3.org/1999/02/22-rdf-syntax-ns#Property,not in ABCD,,,extension
0000024,estimated genome size,The estimated size of the genome prior to sequencing. Of particular importance in the sequencing of (eukaryotic) genome which could remain in draft form for a long or unspecified period,,`300000 bp`,http://www.w3.org/1999/02/22-rdf-syntax-ns#Property,not in ABCD,,,extension
0000025,reference for biomaterial,"Primary publication if isolated before genome publication; otherwise, primary genome report",,`doi:10.1016/j.syapm.2018.01.009`,http://www.w3.org/1999/02/22-rdf-syntax-ns#Property,not in ABCD,,,extension
0000026,source material identifiers,"A unique identifier assigned to a material sample (as defined by http://rs.tdwg.org/dwc/terms/materialSampleID, and as opposed to a particular digital record of a material sample) used for extracting nucleic acids, and subsequent sequencing. The identifier can refer either to the original material collected or to any derived sub-samples. The INSDC qualifiers /specimen_voucher, /bio_material, or /culture_collection may or may not share the same value as the source_mat_id field. For instance, the /specimen_voucher qualifier and source_mat_id may both contain 'UAM:Herps:14' , referring to both the specimen voucher and sampled tissue with the same identifier. However, the /culture_collection qualifier may refer to a value from an initial culture (e.g. ATCC:11775) while source_mat_id would refer to an identifier from some derived culture from which the nucleic acids were extracted (e.g. xatc123 or ark:/2154/R2)",,`MPI012345`,http://www.w3.org/1999/02/22-rdf-syntax-ns#Property,not in ABCD,,,extension
0000027,known pathogenicity,To what is the entity pathogenic,,"`human, animal, plant, fungi, bacteria`",http://www.w3.org/1999/02/22-rdf-syntax-ns#Property,not in ABCD,,,extension
0000028,observed biotic relationship,"Description of relationship(s) between the subject organism and other organism(s) it is associated with. E.g., parasite on species X; mutualist with species Y. The target organism is the subject of the relationship, and the other organism(s) is the object",,`free living`,http://www.w3.org/1999/02/22-rdf-syntax-ns#Property,not in ABCD,,,extension
0000029,host scientific name,Report the host's taxonomic name and/or NCBI taxonomy ID,"If there is a host involved, please provide its taxid (or environmental if not actually isolated from the dead or alive host - i.e. a pathogen could be isolated from a swipe of a bench etc) and report whether it is a laboratory or natural host)",`9606`,http://www.w3.org/1999/02/22-rdf-syntax-ns#Property,not in ABCD,,,extension
0000030,host specificity or range,"The range and diversity of host species that an organism is capable of infecting, defined by NCBI taxonomy identifier",The NCBI taxonomy identifier of the specific host if it is known,`9606`,http://www.w3.org/1999/02/22-rdf-syntax-ns#Property,not in ABCD,,,extension
0000031,host disease status,"List of diseases with which the host has been diagnosed; can include multiple diagnoses. The value of the field depends on host; for humans the terms should be chosen from the DO (Human Disease Ontology) at https://www.disease-ontology.org, non-human host diseases are free text",,`dead`,http://www.w3.org/1999/02/22-rdf-syntax-ns#Property,not in ABCD,,,extension
0000032,trophic level,Trophic levels are the feeding position in a food chain. Microbes can be a range of producers (e.g. chemolithotroph),,`heterotroph`,http://www.w3.org/1999/02/22-rdf-syntax-ns#Property,not in ABCD,,,extension
0000033,propagation,The type of reproduction from the parent stock. Values for this field is specific to different taxa. For phage or virus: lytic/lysogenic/temperate/obligately lytic. For plasmids: incompatibility group. For eukaryotes: sexual/asexual,"This field is specific to different taxa. For phages: lytic/lysogenic, for plasmids: incompatibility group, for eukaryotes: sexual/asexual (Note: there is the strong opinion to name phage propagation obligately lytic or temperate, therefore we also give this choice",`lytic`,http://www.w3.org/1999/02/22-rdf-syntax-ns#Property,not in ABCD,,,extension
0000034,encoded traits,"Should include key traits like antibiotic resistance or xenobiotic degradation phenotypes for plasmids, converting genes for phage",,`beta-lactamase class A`,http://www.w3.org/1999/02/22-rdf-syntax-ns#Property,not in ABCD,,,extension
0000015,relationship to oxygen,"Is this organism an aerobe, anaerobe? Please note that aerobic and anaerobic are valid descriptors for microbial environments",,`aerobe`,http://www.w3.org/1999/02/22-rdf-syntax-ns#Property,not in ABCD,,,extension
0000003,isolation and growth condition,"Publication reference in the form of pubmed ID (pmid), digital object identifier (doi) or url for isolation and growth condition specifications of the organism/material",,`doi: 10.1016/j.syapm.2018.01.009`,http://www.w3.org/1999/02/22-rdf-syntax-ns#Property,not in ABCD,,,extension
0000002,sample collection device,The device used to collect an environmental sample. This field accepts terms listed under environmental sampling device (http://purl.obolibrary.org/obo/ENVO). This field also accepts terms listed under specimen collection device (http://purl.obolibrary.org/obo/GENEPIO_0002094),Recommended best practice is to use a controlled vocabulary such as the entities listed under specimen collection device (http://purl.obolibrary.org/obo/OBI_0002814) in the Ontology for Biomedical Investigations.,"`air filter, malaise trap, niskin bottle, surface swab`",http://www.w3.org/1999/02/22-rdf-syntax-ns#Property,not in ABCD,,,extension
0001225,sample collection method,The method employed for collecting the sample,,"`environmental swab sampling, biopsy, push core`",http://www.w3.org/1999/02/22-rdf-syntax-ns#Property,not in ABCD,,,extension
0000016,sample material processing,"A brief description of any processing applied to the sample during or after retrieving the sample from environment, or a link to the relevant protocol(s) performed","Any processing applied to the sample during or after retrieving the sample from environment. This field accepts OBI, for a browser of OBI (v 2018-02-12) terms please see http://purl.bioontology.org/ontology/OBI","`filtering of seawater, storing samples in ethanol`",http://www.w3.org/1999/02/22-rdf-syntax-ns#Property,not in ABCD,,,extension
0000017,size fraction selected,Filtering pore size used in sample preparation,,`0-0.22 micrometer`,http://www.w3.org/1999/02/22-rdf-syntax-ns#Property,not in ABCD,,,extension
0000001,amount or size of sample collected,"The total amount or size (volume (ml), mass (g) or area (m2) ) of sample collected","Amount or size of sample (volume, mass or area) that was collected",`5 liter`,http://www.w3.org/1999/02/22-rdf-syntax-ns#Property,not in ABCD,,,extension
0000111,sample volume or weight for DNA extraction,Volume (ml) or mass (g) of total collected sample processed for DNA extraction. Note: total sample collected should be entered under the term Sample Size (MIXS:0000001),,`1500 milliliter`,http://www.w3.org/1999/02/22-rdf-syntax-ns#Property,not in ABCD,,,extension
0000035,source of UViGs,Type of dataset from which the UViG was obtained,,`viral fraction metagenome (virome)`,http://www.w3.org/1999/02/22-rdf-syntax-ns#Property,not in ABCD,,,extension
0000036,virus enrichment approach,"List of approaches used to enrich the sample for viruses, if any",,`filtration + FeCl Precipitation + ultracentrifugation + DNAse`,http://www.w3.org/1999/02/22-rdf-syntax-ns#Property,not in ABCD,,,extension
0000037,nucleic acid extraction,"A link to a literature reference, electronic resource or a standard operating procedure (SOP), that describes the material separation to recover the nucleic acid fraction from a sample",,`https://mobio.com/media/wysiwyg/pdfs/protocols/12888.pdf`,http://www.w3.org/1999/02/22-rdf-syntax-ns#Property,not in ABCD,,,extension
0000038,nucleic acid amplification,"A link to a literature reference, electronic resource or a standard operating procedure (SOP), that describes the enzymatic amplification (PCR, TMA, NASBA) of specific nucleic acids",,`https://phylogenomics.me/protocols/16s-pcr-protocol/`,http://www.w3.org/1999/02/22-rdf-syntax-ns#Property,not in ABCD,,,extension
0000039,library size,Total number of clones in the library prepared for the project,,`50`,http://www.w3.org/1999/02/22-rdf-syntax-ns#Property,not in ABCD,,,extension
0000040,library reads sequenced,Total number of clones sequenced from the library,,`20`,http://www.w3.org/1999/02/22-rdf-syntax-ns#Property,not in ABCD,,,extension
0000041,library layout,"Specify whether to expect single, paired, or other configuration of reads",,`paired`,http://www.w3.org/1999/02/22-rdf-syntax-ns#Property,not in ABCD,,,extension
0000042,library vector,Cloning vector type(s) used in construction of libraries,,`Bacteriophage P1`,http://www.w3.org/1999/02/22-rdf-syntax-ns#Property,not in ABCD,,,extension
0000043,library screening strategy,Specific enrichment or screening methods applied before and/or after creating libraries,,"`enriched, screened, normalized`",http://www.w3.org/1999/02/22-rdf-syntax-ns#Property,not in ABCD,,,extension
0000044,target gene,Targeted gene or locus name for marker gene studies,,"`16S rRNA, 18S rRNA, nif, amoA, rpo`",http://www.w3.org/1999/02/22-rdf-syntax-ns#Property,not in ABCD,,,extension
0000045,target subfragment,Name of subfragment of a gene or locus. Important to e.g. identify special regions on marker genes like V6 on 16S rRNA,,"`V6, V9, ITS`",http://www.w3.org/1999/02/22-rdf-syntax-ns#Property,not in ABCD,,,extension
0000046,pcr primers,"PCR primers that were used to amplify the sequence of the targeted gene, locus or subfragment. This field should contain all the primers used for a single PCR reaction if multiple forward or reverse primers are present in a single PCR reaction. The primer sequence should be reported in uppercase letters",,`FWD:GTGCCAGCMGCCGCGGTAA;REV:GGACTACHVGGGTWTCTAAT`,http://www.w3.org/1999/02/22-rdf-syntax-ns#Property,not in ABCD,,,extension
0000047,multiplex identifiers,"Molecular barcodes, called Multiplex Identifiers (MIDs), that are used to specifically tag unique samples in a sequencing run. Sequence should be reported in uppercase letters",,`GTGAATAT`,http://www.w3.org/1999/02/22-rdf-syntax-ns#Property,not in ABCD,,,extension
0000048,adapters,Adapters provide priming sequences for both amplification and sequencing of the sample-library fragments. Both adapters should be reported; in uppercase letters,,`AATGATACGGCGACCACCGAGATCTACACGCT;CAAGCAGAAGACGGCATACGAGAT`,http://www.w3.org/1999/02/22-rdf-syntax-ns#Property,not in ABCD,,,extension
0000049,pcr conditions,Description of reaction conditions and components of polymerase chain reaction performed during library preparation.,Description of reaction conditions and components of PCR in the form of ´initial denaturation:94degC_1.5min; annealing=...´,`initial denaturation:94_3;annealing:50_1;elongation:72_1.5;final elongation:72_10;35`,http://www.w3.org/1999/02/22-rdf-syntax-ns#Property,not in ABCD,,,extension
0000050,sequencing method,Sequencing machine used. Where possible the term should be taken from the OBI list of DNA sequencers (http://purl.obolibrary.org/obo/OBI_0400103),"Sequencing method used; e.g. Sanger, ABI-solid",`Illumina HiSeq 1500`,http://www.w3.org/1999/02/22-rdf-syntax-ns#Property,not in ABCD,,,extension
0000051,sequence quality check,"Indicate if the sequence has been called by automatic systems (none) or undergone a manual editing procedure (e.g. by inspecting the raw data or chromatograms). Applied only for sequences that are not submitted to SRA,ENA or DRA",,`none`,http://www.w3.org/1999/02/22-rdf-syntax-ns#Property,not in ABCD,,,extension
0000052,chimera check software,"Tool(s) used for chimera checking, including version number and parameters, to discover and remove chimeric sequences. A chimeric sequence is comprised of two or more phylogenetically distinct parent sequences","A chimeric sequence, or chimera for short, is a sequence comprised of two or more phylogenetically distinct parent sequences. Chimeras are usually PCR artifacts thought to occur when a prematurely terminated amplicon reanneals to a foreign DNA strand and is copied to completion in the following PCR cycles. The point at which the chimeric sequence changes from one parent to the next is called the breakpoint or conversion point",`uchime;v4.1;default parameters`,http://www.w3.org/1999/02/22-rdf-syntax-ns#Property,not in ABCD,,,extension
0000053,taxonomic identity marker,The phylogenetic marker(s) used to assign an organism name to the SAG or MAG,,`other: rpoB gene`,http://www.w3.org/1999/02/22-rdf-syntax-ns#Property,not in ABCD,,,extension
0000056,assembly quality,"The assembly quality category is based on sets of criteria outlined for each assembly quality category. For MISAG/MIMAG; Finished: Single, validated, contiguous sequence per replicon without gaps or ambiguities with a consensus error rate equivalent to Q50 or better. High Quality Draft:Multiple fragments where gaps span repetitive regions. Presence of the large subunit (LSU) RNA, small subunit (SSU) and the presence of 5.8S rRNA or 5S rRNA depending on whether it is a eukaryotic or prokaryotic genome, respectively. Medium Quality Draft:Many fragments with little to no review of assembly other than reporting of standard assembly statistics. Low Quality Draft:Many fragments with little to no review of assembly other than reporting of standard assembly statistics. Assembly statistics include, but are not limited to total assembly size, number of contigs, contig N50/L50, and maximum contig length. For MIUVIG; Finished: Single, validated, contiguous sequence per replicon without gaps or ambiguities, with extensive manual review and editing to annotate putative gene functions and transcriptional units. High-quality draft genome: One or multiple fragments, totaling   90% of the expected genome or replicon sequence or predicted complete. Genome fragment(s): One or multiple fragments, totalling < 90% of the expected genome or replicon sequence, or for which no genome size could be estimated","The assembly quality category is based on sets of criteria outlined for each assembly quality category. For MISAG/MIMAG; Finished: Single, validated, contiguous sequence per replicon without gaps or ambiguities with a consensus error rate equivalent to Q50 or better. High Quality Draft:Multiple fragments where gaps span repetitive regions. Presence of the 23S, 16S and 5S rRNA genes and at least 18 tRNAs. Medium Quality Draft:Many fragments with little to no review of assembly other than reporting of standard assembly statistics. Low Quality Draft:Many fragments with little to no review of assembly other than reporting of standard assembly statistics. Assembly statistics include, but are not limited to total assembly size, number of contigs, contig N50/L50, and maximum contig length. For MIUVIG; Finished: Single, validated, contiguous sequence per replicon without gaps or ambiguities, with extensive manual review and editing to annotate putative gene functions and transcriptional units. High-quality draft genome: One or multiple fragments, totaling ≥ 90% of the expected genome or replicon sequence or predicted complete. Genome fragment(s): One or multiple fragments, totalling < 90% of the expected genome or replicon sequence, or for which no genome size could be estimated",`High-quality draft genome`,http://www.w3.org/1999/02/22-rdf-syntax-ns#Property,not in ABCD,,,extension
0000057,assembly name,Name/version of the assembly provided by the submitter that is used in the genome browsers and in the community,,"`HuRef, JCVI_ISG_i3_1.0`",http://www.w3.org/1999/02/22-rdf-syntax-ns#Property,not in ABCD,,,extension
0000058,assembly software,"Tool(s) used for assembly, including version number and parameters",,"`metaSPAdes;3.11.0;kmer set 21,33,55,77,99,121, default parameters otherwise`",http://www.w3.org/1999/02/22-rdf-syntax-ns#Property,not in ABCD,,,extension
0000059,annotation,"Tool used for annotation, or for cases where annotation was provided by a community jamboree or model organism database rather than by a specific submitter",,`prokka`,http://www.w3.org/1999/02/22-rdf-syntax-ns#Property,not in ABCD,,,extension
0000060,number of contigs,"Total number of contigs in the cleaned/submitted assembly that makes up a given genome, SAG, MAG, or UViG",,`40`,http://www.w3.org/1999/02/22-rdf-syntax-ns#Property,not in ABCD,,,extension
0000061,feature prediction,"Method used to predict UViGs features such as ORFs, integration site, etc",,`Prodigal;2.6.3;default parameters`,http://www.w3.org/1999/02/22-rdf-syntax-ns#Property,not in ABCD,,,extension
0000062,reference database(s),"List of database(s) used for ORF annotation, along with version number and reference to website or publication",,`pVOGs;5;http://dmk-brain.ecn.uiowa.edu/pVOGs/ Grazziotin et al. 2017 doi:10.1093/nar/gkw975`,http://www.w3.org/1999/02/22-rdf-syntax-ns#Property,not in ABCD,,,extension
0000063,similarity search method,"Tool used to compare ORFs with database, along with version and cutoffs used",,"`HMMER3;3.1b2;hmmsearch, cutoff of 50 on score`",http://www.w3.org/1999/02/22-rdf-syntax-ns#Property,not in ABCD,,,extension
0000064,taxonomic classification,"Method used for taxonomic classification, along with reference database used, classification rank, and thresholds used to classify new genomes",,"`vConTACT vContact2 (references from NCBI RefSeq v83, genus rank classification, default parameters)`",http://www.w3.org/1999/02/22-rdf-syntax-ns#Property,not in ABCD,,,extension
0000065,16S recovered,Can a 16S gene be recovered from the submitted SAG or MAG?,,`yes`,http://www.w3.org/1999/02/22-rdf-syntax-ns#Property,not in ABCD,,,extension
0000066,16S recovery software,Tools used for 16S rRNA gene extraction,,`rambl;v2;default parameters`,http://www.w3.org/1999/02/22-rdf-syntax-ns#Property,not in ABCD,,,extension
0000067,number of standard tRNAs extracted,The total number of tRNAs identified from the SAG or MAG,,`18`,http://www.w3.org/1999/02/22-rdf-syntax-ns#Property,not in ABCD,,,extension
0000068,tRNA extraction software,Tools used for tRNA identification,,`infernal;v2;default parameters`,http://www.w3.org/1999/02/22-rdf-syntax-ns#Property,not in ABCD,,,extension
0000069,completeness score,"Completeness score is typically based on either the fraction of markers found as compared to a database or the percent of a genome found as compared to a closely related reference genome. High Quality Draft: >90%, Medium Quality Draft: >50%, and Low Quality Draft: < 50% should have the indicated completeness scores",,`med;60%`,http://www.w3.org/1999/02/22-rdf-syntax-ns#Property,not in ABCD,,,extension
0000070,completeness software,"Tools used for completion estimate, i.e. checkm, anvi'o, busco",,`checkm`,http://www.w3.org/1999/02/22-rdf-syntax-ns#Property,not in ABCD,,,extension
0000071,completeness approach,"The approach used to determine the completeness of a given genomic assembly, which would typically make use of a set of conserved marker genes or a closely related reference genome. For UViG completeness, include reference genome or group used, and contig feature suggesting a complete genome","The approach used to determine the completeness of a given SAG or MAG, which would typically make use of a set of conserved marker genes or a closely related reference genome. For UViG completeness, include reference genome or group used, and contig feature suggesting a complete genome",`other: UViG length compared to the average length of reference genomes from the P22virus genus (NCBI RefSeq v83)`,http://www.w3.org/1999/02/22-rdf-syntax-ns#Property,not in ABCD,,,extension
0000072,contamination score,"The contamination score is based on the fraction of single-copy genes that are observed more than once in a query genome. The following scores are acceptable for; High Quality Draft: < 5%, Medium Quality Draft: < 10%, Low Quality Draft: < 10%. Contamination must be below 5% for a SAG or MAG to be deposited into any of the public databases",,`1%`,http://www.w3.org/1999/02/22-rdf-syntax-ns#Property,not in ABCD,,,extension
0000005,contamination screening input,The type of sequence data used as input,,`contigs`,http://www.w3.org/1999/02/22-rdf-syntax-ns#Property,not in ABCD,,,extension
0000073,contamination screening parameters,"Specific parameters used in the decontamination sofware, such as reference database, coverage, and kmers. Combinations of these parameters may also be used, i.e. kmer and coverage, or reference database and kmer",,`kmer`,http://www.w3.org/1999/02/22-rdf-syntax-ns#Property,not in ABCD,,,extension
0000074,decontamination software,Tool(s) used in contamination screening,,`anvi´o`,http://www.w3.org/1999/02/22-rdf-syntax-ns#Property,not in ABCD,,,extension
0000075,sorting technology,Method used to sort/isolate cells or particles of interest,,`optical manipulation`,http://www.w3.org/1999/02/22-rdf-syntax-ns#Property,not in ABCD,,,extension
0000076,single cell or viral particle lysis approach,Method used to free DNA from interior of the cell(s) or particle(s),,`enzymatic`,http://www.w3.org/1999/02/22-rdf-syntax-ns#Property,not in ABCD,,,extension
0000054,single cell or viral particle lysis kit protocol,Name of the kit or standard protocol used for cell(s) or particle(s) lysis,,`ambion single cell lysis kit`,http://www.w3.org/1999/02/22-rdf-syntax-ns#Property,not in ABCD,,,extension
0000055,WGA amplification approach,Method used to amplify genomic DNA in preparation for sequencing,,`mda based`,http://www.w3.org/1999/02/22-rdf-syntax-ns#Property,not in ABCD,,,extension
0000006,WGA amplification kit,Kit used to amplify genomic DNA in preparation for sequencing,,`qiagen repli-g`,http://www.w3.org/1999/02/22-rdf-syntax-ns#Property,not in ABCD,,,extension
0000077,binning parameters,The parameters that have been applied during the extraction of genomes from metagenomic datasets,,`coverage and kmer`,http://www.w3.org/1999/02/22-rdf-syntax-ns#Property,not in ABCD,,,extension
0000078,binning software,"Tool(s) used for the extraction of genomes from metagenomic datasets, where possible include a product ID (PID) of the tool(s) used",,`concoct and maxbin`,http://www.w3.org/1999/02/22-rdf-syntax-ns#Property,not in ABCD,,,extension
0000079,reassembly post binning,Has an assembly been performed on a genome bin extracted from a metagenomic assembly?,,`no`,http://www.w3.org/1999/02/22-rdf-syntax-ns#Property,not in ABCD,,,extension
0000080,MAG coverage software,Tool(s) used to determine the genome coverage if coverage is used as a binning parameter in the extraction of genomes from metagenomic datasets,,`bbmap`,http://www.w3.org/1999/02/22-rdf-syntax-ns#Property,not in ABCD,,,extension
0000081,viral identification software,"Tool(s) used for the identification of UViG as a viral genome, software or protocol name including version number, parameters, and cutoffs used",,"`VirSorter; 1.0.4; Virome database, category 2`",http://www.w3.org/1999/02/22-rdf-syntax-ns#Property,not in ABCD,,,extension
0000082,predicted genome type,Type of genome predicted for the UViG,,`dsDNA`,http://www.w3.org/1999/02/22-rdf-syntax-ns#Property,not in ABCD,,,extension
0000083,predicted genome structure,Expected structure of the viral genome,,`non-segmented`,http://www.w3.org/1999/02/22-rdf-syntax-ns#Property,not in ABCD,,,extension
0000084,detection type,Type of UViG detection,,`independent sequence (UViG)`,http://www.w3.org/1999/02/22-rdf-syntax-ns#Property,not in ABCD,,,extension
0000085,OTU classification approach,"Cutoffs and approach used when clustering species-level OTUs. Note that results from standard 95% ANI / 85% AF clustering should be provided alongside OTUs defined from another set of thresholds, even if the latter are the ones primarily used during the analysis","Cutoffs and approach used when clustering new UViGs in ""species-level"" OTUs. Note that results from standard 95% ANI / 85% AF clustering should be provided alongside OTUS defined from another set of thresholds, even if the latter are the ones primarily used during the analysis",`95% ANI;85% AF; greedy incremental clustering`,http://www.w3.org/1999/02/22-rdf-syntax-ns#Property,not in ABCD,,,extension
0000086,OTU sequence comparison approach,"Tool and thresholds used to compare sequences when computing ""species-level"" OTUs",,`blastn;2.6.0+;e-value cutoff: 0.001`,http://www.w3.org/1999/02/22-rdf-syntax-ns#Property,not in ABCD,,,extension
0000087,OTU database,"Reference database (i.e. sequences not generated as part of the current study) used to cluster new genomes in ""species-level"" OTUs, if any",,`NCBI Viral RefSeq;83`,http://www.w3.org/1999/02/22-rdf-syntax-ns#Property,not in ABCD,,,extension
0000088,host prediction approach,Tool or approach used for host prediction,,`CRISPR spacer match`,http://www.w3.org/1999/02/22-rdf-syntax-ns#Property,not in ABCD,,,extension
0000089,host prediction estimated accuracy,"For each tool or approach used for host prediction, estimated false discovery rates should be included, either computed de novo or from the literature",,"`CRISPR spacer match: 0 or 1 mismatches, estimated 8% FDR at the host genus rank (Edwards et al. 2016 doi:10.1093/femsre/fuv048)`",http://www.w3.org/1999/02/22-rdf-syntax-ns#Property,not in ABCD,,,extension
0000091,relevant electronic resources,"A related resource that is referenced, cited, or otherwise associated to the sequence",,`https://earthmicrobiome.ucsd.edu/`,http://www.w3.org/1999/02/22-rdf-syntax-ns#Property,not in ABCD,,,extension
0000090,relevant standard operating procedures,"Standard operating procedures used in assembly and/or annotation of genomes, metagenomes or environmental sequences",,`http://press.igsb.anl.gov/earthmicrobiome/protocols-and-standards/its/`,http://www.w3.org/1999/02/22-rdf-syntax-ns#Property,not in ABCD,,,extension
