term_localName,label,skos_broader,skos_inSmheme,controlled_value_string,definition,usage,notes,examples,definition_derived_from,type
m,3D modality controlled vocabulary,,,,A SKOS ConceptScheme to be used as a controlled vocabulary for the Audiovisual Core term ac:resourceCreationTechnique,,,,,http://www.w3.org/2004/02/skos/core#ConceptScheme
m0001,Penetrative,,m,penetrative,Imaging that uses any kind of penetrating wave.,,,,,http://www.w3.org/2004/02/skos/core#Concept
m0002,X-ray,m0001,m,xRay,"X-Ray imaging is an imaging technique that uses X-rays to create images of the internal structures of an object. X-ray imaging is widely used in medical diagnosis and research, as well as in materials science and other fields to visualize the internal structure of objects.",,,,http://www.morphosource.org/terms/mscv/XRay,http://www.w3.org/2004/02/skos/core#Concept
m0003,CT,m0002,m,ct,"X-Ray Computed Tomography (CT/microCT) is a non-invasive imaging technique that uses X-rays to produce cross-sectional images of an object. It involves rotating an X-ray source and detector around the object, collecting data that is processed by a computer to create a 3D image. CT is widely used in medical imaging, as well as in materials science, engineering, and geology to visualize the internal structure of objects. MicroCT is a variation of CT that uses higher resolution X-rays to produce images of smaller objects.",,,,http://www.morphosource.org/terms/mscv/MicroNanoXRayComputedTomography,http://www.w3.org/2004/02/skos/core#Concept
m0007,Synchrotron,m0002,m,synchrotron,"Synchrotron Imaging is a type of X-ray imaging that uses synchrotron radiation, which is produced when high-energy particles are accelerated to near the speed of light. Synchrotron imaging can produce high-resolution, 3D images of a wide range of materials and structures.",,,,http://www.morphosource.org/terms/mscv/SynchrotronImaging,http://www.w3.org/2004/02/skos/core#Concept
m0008,Neutron,m0001,m,neutron,"Neutron Computed Tomography (NCT) is an imaging technique that uses neutrons instead of X-rays to create cross-sectional images of an object. NCT is particularly useful for imaging materials that are difficult to penetrate with X-rays, such as ceramics and rocks.",,,,http://www.morphosource.org/terms/mscv/NeutronComputedTomography,http://www.w3.org/2004/02/skos/core#Concept
m0009,MRI,m0001,m,mri,"Magnetic Resonance Imaging (MRI) is a non-invasive imaging technique that uses a strong magnetic field and radio waves to produce detailed images of the body's internal structures. MRI is widely used in medical diagnosis and research, especially for imaging soft tissues like the brain, spinal cord, and organs.",,,,http://www.morphosource.org/terms/mscv/MagneticResonanceImaging ,http://www.w3.org/2004/02/skos/core#Concept
m0010,PET,m0001,m,pet,"Positron Emission Tomography (PET) is a non-invasive imaging technique that uses small amounts of radioactive tracers to visualize metabolic processes in the body. The tracer is injected into the body and collects in areas of high metabolic activity, emitting positrons that are detected by the PET scanner. PET is widely used in medical diagnosis and research, especially for imaging cancer, heart disease, and neurological disorders.",,,,http://www.morphosource.org/terms/mscv/PositronEmissionTomography,http://www.w3.org/2004/02/skos/core#Concept
m0011,SPECT,m0001,m,spect,"Single Photon Emission Computed Tomography (SPECT) is a non-invasive imaging technique that uses a small amount of radioactive tracer to produce 3D images of the body's internal structures. The tracer is injected into the body and emits gamma rays, which are detected by a SPECT scanner. SPECT is used in medical diagnosis and research, especially for imaging the brain, heart, and bones.",,,,http://www.morphosource.org/terms/mscv/SinglePhotonEmissionComputedTomography,http://www.w3.org/2004/02/skos/core#Concept
m0012,Confocal microscopy,m0001,m,confocalMicroscopy,"Confocal Image Stacking is an imaging technique that uses a series of images taken at different depths to create a 3D image of an object. By focusing a laser beam on a specific point in the object and measuring the reflected light, confocal microscopy can create high-resolution 3D images of cells and tissues.",,,,http://www.morphosource.org/terms/mscv/ConfocalImageStacking,http://www.w3.org/2004/02/skos/core#Concept
m0014,Line of sight,,m,lineOfSight,Imaging based on reflected waves.,,,,,http://www.w3.org/2004/02/skos/core#Concept
m0015,Laser,m0014,m,laser,Laser Scan is an imaging technique that uses laser beams to create a 3D image of an object's surface. Laser scans are commonly used in industrial design and manufacturing to create accurate models of parts and components.,,,,http://www.morphosource.org/terms/mscv/LaserScan ,http://www.w3.org/2004/02/skos/core#Concept
m0016,Structured light,m0014,m,structuredLight,"Structured Light is an imaging technique that uses a pattern of light projected onto an object to create a 3D image. By analyzing how the pattern of light is distorted by the object, structured light can create high-resolution, accurate 3D models of complex shapes and structures.",,,,https://www.morphosource.org/terms/mscv/StructuredLight,http://www.w3.org/2004/02/skos/core#Concept
m0017,Photogrammetry,m0014,m,photogrammetry,"Photogrammetry is the use of photography to measure and map the physical properties of an object. Photogrammetry can be used to create 3D models of objects and structures from 2D photographs, allowing for accurate measurements and analysis.",,,,https://www.morphosource.org/terms/mscv/Photogrammetry,http://www.w3.org/2004/02/skos/core#Concept
m0018,Image stacking,m0014,m,imageStacking,Image Stacking is an imaging technique that uses a series of images taken at different depths to create a 3D image of an object.,,,,http://www.morphosource.org/terms/mscv/ConfocalImageStacking,http://www.w3.org/2004/02/skos/core#Concept
